Model,Accuracy,AUC,F1
LGB,0.75,0.369047619047619,0.2857142857142857
MLP,0.55,0.5238095238095238,0.1818181818181818
RF,0.65,0.3749999999999999,0.0
XGB,0.7,0.4285714285714285,0.0
SVC,0.7,0.5119047619047619,0.0
