Model,Accuracy,AUC,F1
LGB,0.7,0.4285714285714285,0.25
XGB,0.7,0.3214285714285714,0.25
RF,0.7,0.4047619047619047,0.0
SVC,0.7,0.4285714285714286,0.0
MLP,0.7,0.7223809523809523,0.4

